Doc,Lit_unit,code_total,focal_taxa1,focal_taxa2,focal_taxa3,species1,species2,species3,species4,species5,species6,species7,species8,species9,species10,species11,species12,species13,species14,species15,species16,fishery_or_channel1,fishery_or_channel2,fishery_or_channel3,fishery_or_channel4,reason1,reason2,reason3,broad_location,specific_location,lit_type,Access to advanced technology and techniques,Management scale aligns with system needs,Data transparency,Environmental data availability,Resource use data availability,Resource availability,Pre existing conditions,Adoption incentives,Feasibility,Co management and communication,Expected climate change induced range shifts,Distinct habitat preferences,Highly mobile target species,Life history information available for target species,Fine scale management appropriate for target species,Cost,Gaps and inaccuracy,Management scales do not align with system needs,Model abuse,Need for multispecies management,Climate change adding uncertainty to target species habitat use,Indirect socioeconomic consequences,Discontinuity,Poor communication and outreach,Poor program implementation,Biotic indicators of target species presence,Abiotic indicators of target species presence,Target species data availability
Abrahms et al_2019_Dynamic ensemble models to predict distribut,2,5,Baleen whales,NA,NA,Balaenoptera musculus,NA,NA,NA,NA,NA,NA,NA,NA,NA,NA,NA,NA,NA,NA,NA,Santa Barbara Channel,NA,NA,NA,Ship strikes,NA,NA,United States,California,Study,0,0,0,0,0,0,0,0,0,0,0,0,0,0,1,0,0,0,0,0,0,0,0,0,0,0,0,2
Alvarez-Berastegui et al_2016_Pelagic seascape ecology for oper,40,6,Tuna,NA,NA,Thunnus thynnus,NA,NA,NA,NA,NA,NA,NA,NA,NA,NA,NA,NA,NA,NA,NA,NA,NA,NA,NA,Bycatch,NA,NA,Western Mediterranean,Balearic Sea,Study,1,0,0,0,0,0,0,0,0,0,0,0,0,0,0,0,0,0,0,0,0,0,0,0,0,0,0,0
Asaro_2012_Geospatial analysis of management areas implemented,35,6,Baleen whales,NA,NA,Eubalaena glacialis,NA,NA,NA,NA,NA,NA,NA,NA,NA,NA,NA,NA,NA,NA,NA,Gulf of Maine,NA,NA,NA,Ship strikes,Entanglements,NA,United States,North Atlantic,Study,0,0,0,0,0,0,1,0,3,0,0,0,0,0,0,0,0,0,0,0,0,0,0,0,1,0,0,1
Barlow_2021_Unprecedented Marine Biodiversity Shifts Necessitat,64,16,NA,NA,NA,NA,NA,NA,NA,NA,NA,NA,NA,NA,NA,NA,NA,NA,NA,NA,NA,NA,NA,NA,NA,NA,NA,NA,Global Assessment,NA,Review,0,0,2,0,0,0,2,0,0,1,1,0,2,0,0,2,2,0,0,0,1,0,0,0,1,0,0,0
Barlow_Torres_2021_Planning ahead,42,4,Baleen whales,NA,NA,Balaenoptera musculus,NA,NA,NA,NA,NA,NA,NA,NA,NA,NA,NA,NA,NA,NA,NA,NA,NA,NA,NA,Anthropogenic disturbance,NA,NA,New Zealand,South Taranaki Bight,Study,0,0,0,2,0,0,0,0,0,0,0,0,0,0,0,0,0,0,0,0,0,0,0,0,0,0,0,0
Becker et al_2016_Moving Towards Dynamic Ocean Management,63,6,Odontocetes,Baleen whales,NA,Stenella coeruleoalba,Delphinus delphis,Delphinus capensis,Tursiops truncatus,Grampus griseus,Lagenorhynchus obliquidens,Lissodelphis borealis,Phocoenoides dalli,Balaenoptera physalus,Balaenoptera musculus,Megaptera novaeangliae,NA,NA,NA,NA,NA,NA,NA,NA,NA,Spatial management,NA,NA,United States,California,Study,0,0,0,1,0,0,0,0,0,0,0,0,1,0,0,0,1,1,0,0,1,0,0,0,0,0,0,1
Bethoney et al_2013_Developing a fine scale system to address r,15,7,Anadromous fish,NA,NA,Alosa pseudoharengus,Alosa aestivalis,NA,NA,NA,NA,NA,NA,NA,NA,NA,NA,NA,NA,NA,NA,U.S. Northwest Atlantic mid-water trawl,NA,NA,NA,Bycatch,NA,NA,United States,New Jersey,Study,0,0,0,0,0,0,0,3,0,0,0,1,0,0,0,0,0,0,0,0,0,0,0,0,1,1,2,0
Bisack_Magnusson_2021_Spatial Management to Reduce Entanglement,35,18,Baleen whales,NA,NA,Eubalaena glacialis,NA,NA,NA,NA,NA,NA,NA,NA,NA,NA,NA,NA,NA,NA,NA,U.S. Northeast lobster fishery,NA,NA,NA,Entanglement,NA,NA,United States,"Northeast Atlantic Coast (Maryland, New Hampshire, Maine)",Study,0,1,0,0,1,0,2,6,2,0,0,0,0,1,0,0,1,0,0,0,0,0,0,0,1,0,0,2
Bjorkland et al_2015_Spatiotemporal patterns of rockfish bycatc,54,5,Rockfish,NA,NA,Sebastes spp.,NA,NA,NA,NA,NA,NA,NA,NA,NA,NA,NA,NA,NA,NA,NA,U.S. West Coast groundfish fisheries,NA,NA,NA,Bycatch,NA,NA,United States,California,Study,0,0,0,0,0,0,0,1,0,0,0,0,0,0,1,0,1,0,0,0,0,0,0,0,0,0,1,0
Blondin et al_2020_Combining high temporal resolution whale dis,14,6,Baleen whales,NA,NA,Balaenoptera musculus,NA,NA,NA,NA,NA,NA,NA,NA,NA,NA,NA,NA,NA,NA,NA,U.S. Southern California Bight,NA,NA,NA,Ship strikes,NA,NA,United States,California,Study,1,2,0,0,1,0,0,0,0,0,0,0,0,1,0,0,1,0,0,0,0,0,0,0,0,0,0,0
Boerder et al_2019_Not all who wander are lost,39,4,Tuna,Billfish,Sharks,Thunnus sp.,Katsuwonus sp.,Xiphias gladius,Istiophoridae,Isurus sp.,Carcharodon carcharias,Alopias spp,Carcharhinus falciformis,Prionace glauca,NA,NA,NA,NA,NA,NA,NA,NA,NA,NA,NA,Bycatch,Overfishing,NA,High Seas,NA,Review,1,0,1,0,0,0,0,0,0,0,0,0,1,0,0,0,1,0,0,0,0,0,0,0,0,0,0,0
Bombosch et al_2014_Predictive habitat modelling of humpback (M,48,8,Baleen whales,NA,NA,Megaptera novaeangliae,Balaenoptera bonaerensis,NA,NA,NA,NA,NA,NA,NA,NA,NA,NA,NA,NA,NA,NA,Southern Ocean seismic surveys,NA,NA,NA,Spatial management,NA,NA,Antarctica,NA,Study,0,0,0,0,0,0,0,0,0,0,0,0,0,0,1,0,0,0,0,0,0,0,0,0,0,0,0,0
Briscoe et al_2016_Are we missing important areas in pelagic ma,73,2,NA,NA,NA,NA,NA,NA,NA,NA,NA,NA,NA,NA,NA,NA,NA,NA,NA,NA,NA,NA,NA,NA,NA,Overfishing,NA,NA,Global Assessment,NA,Review,0,0,0,0,0,0,0,0,0,0,0,0,1,0,0,0,0,0,0,0,0,0,0,0,1,0,0,0
Brodie et al_2015_Modelling the oceanic habitats of two pelagic,38,5,Pelagic fish,NA,NA,Coryphaena hippurus,Seriola lalandi,NA,NA,NA,NA,NA,NA,NA,NA,NA,NA,NA,NA,NA,NA,NA,NA,NA,NA,Spatial management,NA,NA,Australia,Eastern Australian Current,Study,0,0,0,0,0,0,0,0,0,0,0,0,0,0,0,0,1,0,0,0,0,0,0,0,0,0,0,0
Brodie et al_2017_Seasonal forecasting of dolphinfish distribut,38,6,Pelagic fish,NA,NA,Coryphaena hippurus,NA,NA,NA,NA,NA,NA,NA,NA,NA,NA,NA,NA,NA,NA,NA,Recreational fishing,NA,NA,NA,Overfishing,NA,NA,Australia,East coast of New South Wales,Study,0,0,0,0,0,0,0,0,0,0,0,0,1,0,0,0,0,0,1,0,0,0,0,0,0,0,1,0
"Cashion et al_2020_Shifting seas, shifting boundaries",87,3,NA,NA,NA,NA,NA,NA,NA,NA,NA,NA,NA,NA,NA,NA,NA,NA,NA,NA,NA,NA,NA,NA,NA,Marine spatial planning,NA,NA,Theoretical ecosystem,NA,Methods,0,0,0,0,0,0,0,0,1,0,0,0,0,0,0,0,0,0,0,1,0,0,0,0,1,0,0,0
Cinner et al_2006_Periodic Closures as Adaptive Coral Reef Mana,41,10,Corals,NA,NA,NA,NA,NA,NA,NA,NA,NA,NA,NA,NA,NA,NA,NA,NA,NA,NA,NA,NA,NA,NA,Biodiversity loss,NA,NA,Indo-Pacific,"Papua New Guinea, Indonesia",Study,0,0,0,0,2,0,3,0,3,0,0,0,0,1,0,0,0,0,0,0,0,0,0,0,0,0,0,0
Crear et al_2021_Highly migratory species predictive spatial mo,81,6,Sharks,Sea turtles,Billfish,Isurus oxyrinchus,Istiophoridae,Dermochelys coriacea,Carcharhinus plumbeus,Carcharhinus plumbeus,Carcharhinus obscurus,NA,NA,NA,NA,NA,NA,NA,NA,NA,NA,U.S. Atlantic pelagic longline fishery,U.S. Atlantic bottom long line fishery,NA,NA,Bycatch,NA,NA,United States,East Coast,Methods,0,1,0,0,0,0,0,0,0,0,0,0,0,0,0,0,1,0,0,0,0,0,0,0,0,0,0,1
Degenford et al_2021_Using fisheries observation data to develo,57,11,Sea turtles,NA,NA,Dermochelys coriacea,NA,NA,NA,NA,NA,NA,NA,NA,NA,NA,NA,NA,NA,NA,NA,NA,NA,NA,NA,Bycatch,NA,NA,South America,"Ecuador, Peru, Chile, and Colombia",Study,0,0,0,0,0,0,0,0,0,1,0,0,0,0,0,0,0,0,0,0,0,0,0,0,0,0,0,0
Dietze et al_2018_Iterative near-term ecological forecasting,82,12,NA,NA,NA,NA,NA,NA,NA,NA,NA,NA,NA,NA,NA,NA,NA,NA,NA,NA,NA,NA,NA,NA,NA,NA,NA,NA,NA,NA,Perspective,2,0,1,1,0,0,0,0,0,2,0,0,0,0,0,0,5,0,0,0,0,0,0,0,0,0,0,0
Dunn et al_2014_Empirical move-on rules to inform fishing strat,29,5,Groundfish,NA,NA,Gadus morhua,NA,NA,NA,NA,NA,NA,NA,NA,NA,NA,NA,NA,NA,NA,NA,Northeast Multispecies Fisheries Management Plan,NA,NA,NA,Overfishing,NA,NA,United States,"New England, mid-Atlantic",Study,0,0,1,0,0,0,0,1,0,1,0,0,0,0,0,0,0,0,0,0,0,0,0,0,1,0,0,1
Dunn et al_2016_Dynamic ocean management increases the efficien,55,6,Groundfish,NA,NA,Gadus morhua,NA,NA,NA,NA,NA,NA,NA,NA,NA,NA,NA,NA,NA,NA,NA,Northeast Multispecies Fisheries Management Plan,NA,NA,NA,Bycatch,NA,NA,United States,Northeast,Review,0,3,0,0,0,0,0,0,0,0,0,0,0,0,0,0,0,0,0,0,0,0,0,0,0,0,0,1
Dunn et al_2016_Temperature-based targeting in a multispecies f,29,11,Groundfish,NA,NA,Gadus morhua,NA,NA,NA,NA,NA,NA,NA,NA,NA,NA,NA,NA,NA,NA,NA,U.S. Northeast Multispecies fishery,NA,NA,NA,Spatial management,Climate change,NA,United States,"Massachusetts Coast, NE Atlantic Ocean",Study,1,0,1,0,0,0,0,0,1,0,0,0,0,0,0,0,1,0,0,0,2,0,0,0,0,0,0,1
Dwyer et al_2020_Modelling habitat use suggests static spatial,37,8,Odontocetes,NA,NA,Delphinus sp.,NA,NA,NA,NA,NA,NA,NA,NA,NA,NA,NA,NA,NA,NA,NA,NA,NA,NA,NA,Marine spatial planning,NA,NA,New Zealand,Hauraki Gulf,Study,1,0,0,0,0,0,0,0,0,0,0,0,0,1,0,0,1,1,0,0,0,0,0,0,0,0,0,1
Ecosphere - 2019 - Hoover - Predicting residence time using a c,57,8,Sea turtles,NA,NA,Dermochelys coriacea,NA,NA,NA,NA,NA,NA,NA,NA,NA,NA,NA,NA,NA,NA,NA,NA,NA,NA,NA,Marine spatial planning,NA,NA,South America,"Coast of Colombia, Ecuador, Peru, and Chile",Study,1,3,0,0,0,0,0,0,0,0,0,0,0,0,0,0,0,0,0,0,0,0,0,0,0,0,0,1
Eguchi et al_2017_Predicting overlap between drift gillnet fish,32,14,Sea turtles,NA,NA,Dermochelys coriacea,NA,NA,NA,NA,NA,NA,NA,NA,NA,NA,NA,NA,NA,NA,NA,California drift gillnet fishery,NA,NA,NA,Bycatch,NA,NA,United States,"California, Oregon",Study,1,0,0,0,0,0,0,1,0,0,0,0,1,0,0,1,4,0,0,0,0,0,0,0,0,0,0,1
Electronic Tagging Data: Hobday 2009,6,17,Tuna,NA,NA,Thunnus maccoyii,NA,NA,NA,NA,NA,NA,NA,NA,NA,NA,NA,NA,NA,NA,NA,Eastern Australian longline fishery,NA,NA,NA,Bycatch,NA,NA,Australia,"Queensland, New South Wales",Book chapter,0,0,0,0,0,1,1,1,1,2,0,0,2,0,0,0,0,0,0,0,0,0,0,0,2,0,1,1
El-Gabbas et al_2021_Dynamic Species Distribution Models in the,23,4,Baleen whales,NA,NA,Balaenoptera bonaerensis,Balaenoptera musculus,Balaenoptera physalus,NA,NA,NA,NA,NA,NA,NA,NA,NA,NA,NA,NA,NA,NA,NA,NA,NA,Marine spatial planning,NA,NA,Southern Ocean,NA,Study,0,1,0,0,0,0,0,0,0,0,0,0,0,0,0,0,0,0,0,0,0,0,0,0,0,0,0,0
Eveson et al_2015_Seasonal forecasting of tuna habitat in the G,91,16,Tuna,NA,NA,Thunnus maccoyii,NA,NA,NA,NA,NA,NA,NA,NA,NA,NA,NA,NA,NA,NA,NA,Southern bluefin tuna purse-seine fishery,NA,NA,NA,Overfishing,NA,NA,Australia,Great Australian Bight,Study,0,1,0,0,0,0,0,1,1,3,0,0,0,0,0,0,2,1,0,0,1,0,1,0,0,0,0,0
Fabbri_2014_geospatial,92,16,Billfish,Baleen whales,NA,Thunnus thynnus,Balaenoptera physalus,NA,NA,NA,NA,NA,NA,NA,NA,NA,NA,NA,NA,NA,NA,NA,NA,NA,NA,Overfishing,Ship strikes,NA,Western Mediterranean,Western Mediterranean Sea,Study,1,2,0,0,2,0,2,0,1,3,0,0,2,1,1,0,0,0,0,0,0,0,1,1,1,0,0,0
Farchadi et al_2019_Modeling the dynamic habitats of mobile pel,8,9,Billfish,NA,NA,Makaira nigricans,Istiompax indica,NA,NA,NA,NA,NA,NA,NA,NA,NA,NA,NA,NA,NA,NA,Eastern Pacific Ocean Tuna purse-seine fishery,NA,NA,NA,Bycatch,NA,NA,Eastern Pacific Ocean,"United States, Central America, Colombia, Ecuador, Peru",Study,0,0,0,0,0,0,0,0,0,0,0,0,1,0,0,1,1,0,0,0,0,0,0,0,0,0,0,1
Frawley_2024_dynamic_data,93,7,Tuna,NA,NA,Thunnus alalunga,NA,NA,NA,NA,NA,NA,NA,NA,NA,NA,NA,NA,NA,NA,NA,North Pacific Pelagic Longlines,NA,NA,NA,Overfishing,NA,NA,North Pacific,High Seas,Study,0,0,1,0,2,0,0,0,0,1,2,0,0,0,3,0,0,0,0,0,0,0,0,0,0,0,0,1
Free_2023_static,94,25,Baleen whales,NA,NA,Megaptera novaeangliae,NA,NA,NA,NA,NA,NA,NA,NA,NA,NA,NA,NA,NA,NA,NA,California Dungeness crab trap fishery,NA,NA,NA,Entanglement,NA,NA,United States,California,Study,2,1,0,0,0,0,1,0,4,0,1,0,0,0,0,3,4,1,0,1,0,6,2,0,2,0,0,1
Game et al_2009_Dynamic marine protected areas can improve the,21,2,Corals,Reef fish,NA,NA,NA,NA,NA,NA,NA,NA,NA,NA,NA,NA,NA,NA,NA,NA,NA,NA,NA,NA,NA,Undesired phase-shifts,NA,NA,NA,NA,Study,0,0,0,0,0,0,0,0,0,0,0,0,0,0,1,1,0,0,0,0,0,0,0,0,0,0,0,0
Gillman_2024_machine_learning_dom,95,10,Sea turtles,Sharks,NA,Lepidochelys olivacea,Carcharhinus falciformis,Prionace glauca,NA,NA,NA,NA,NA,NA,NA,NA,NA,NA,NA,NA,NA," Palau tuna longline fisheries (Gilman and Chaloupka - 2024 - Evidence from interpretable machine learning to in, p. 2)",NA,NA,NA,Bycatch,NA,NA,Palau,NA,Study,1,0,0,0,1,0,0,0,0,0,1,2,0,0,0,0,2,0,0,0,0,2,0,0,0,0,3,0
Gilman et al_2006_Fleet communication to abate fisheries bycatc,17,13,Sea turtles,Groundfish,Anadromous fish,Dermochelys coriacea,Caretta caretta,Hippoglossus stenolepis,NA,NA,NA,NA,NA,NA,NA,NA,NA,NA,NA,NA,NA,U.S. North Atlantic longline swordfish fishery,U.S. North Pacific and Alaska trawl fisheries,U.S. Alaska demersal longline fisheries,NA,Bycatch,NA,NA,United States,"Alaska, US North Atlantic, US North Pacific",Review,0,0,0,0,0,0,3,3,0,0,0,0,0,0,0,3,0,0,0,0,0,0,0,0,1,0,1,0
Gilman et al_2019_Do static and dynamic marine protected areas,76,4,NA,NA,NA,NA,NA,NA,NA,NA,NA,NA,NA,NA,NA,NA,NA,NA,NA,NA,NA,NA,NA,NA,NA,NA,NA,NA,Global Assessment,NA,Review,0,0,0,1,0,0,0,0,0,0,0,0,1,0,1,0,0,0,0,0,0,0,0,0,0,0,1,0
Gowan_Ortega-Ortiz_2014_Wintering Habitat Model for the North A,59,4,Baleen whales,NA,NA,Eubalaena glacialis,NA,NA,NA,NA,NA,NA,NA,NA,NA,NA,NA,NA,NA,NA,NA,NA,NA,NA,NA,Marine spatial planning,NA,NA,United States,"South Carolina, Georgia, Florida coasts",Study,0,0,0,0,0,0,0,0,0,0,0,0,1,0,0,0,0,0,0,0,0,0,0,0,0,0,0,0
Grantham et al_2008_Reducing Bycatch in the South African pelag,49,11,Seabirds,Sea turtles,Sharks,Thalassarche melanophris,Thalassarche cauta/steadi,Procellaria aequinoctialis ,Dermochelys coriacea,Caretta caretta,Isurus oxyrinchus,Prionace glauca,NA,NA,NA,NA,NA,NA,NA,NA,NA,South African pelagic longline,NA,NA,NA,Bycatch,NA,NA,Africa,South Africa EEZ,Study,0,0,0,0,0,0,0,0,1,0,0,0,0,2,0,0,0,2,0,0,0,0,0,0,0,0,0,0
Hahlbeck et al_2017_Oceanographic determinants of ocean sunfish,9,5,Sunfish,Tuna,NA,Mola mola,Thunnus orientalis,NA,NA,NA,NA,NA,NA,NA,NA,NA,NA,NA,NA,NA,NA,California drift gillnet fishery,NA,NA,NA,Bycatch,NA,NA,United States,California,Study,0,0,0,0,0,0,0,0,0,0,1,0,0,0,0,0,0,0,0,0,0,0,0,0,0,0,1,1
Ham et al_2021_Predicting summer fin whale distribution in the,46,14,Baleen whales,NA,NA,Balaenoptera physalus,NA,NA,NA,NA,NA,NA,NA,NA,NA,NA,NA,NA,NA,NA,NA,Pelagos Sanctuary,California Current Ecosystem,U.S. Southern California Bight,NA,Ship strikes,NA,NA,Mediterranean Sea,Pelagos Sanctuary,Study,0,1,0,0,1,0,1,0,0,1,0,0,1,0,0,1,0,0,0,0,0,0,0,0,0,0,0,0
Hamel et al_2008_Linking colonies to fisheries,33,6,Seabirds,NA,NA,Uria aalge,NA,NA,NA,NA,NA,NA,NA,NA,NA,NA,NA,NA,NA,NA,NA,Tatoosh Island and Pacific Northwest coastal gillnet fisheries,NA,NA,NA,Bycatch,NA,NA,United States,Washington,Study,0,0,0,0,1,0,0,0,3,0,0,0,0,0,0,0,0,0,0,0,0,0,0,0,0,0,0,1
Hartog et al_2011_Habitat overlap between southern bluefin tuna,6,4,Tuna,NA,NA,Thunnus maccoyii,Thunnus albacares ,NA,NA,NA,NA,NA,NA,NA,NA,NA,NA,NA,NA,NA,NA,Eastern Australian longline fishery,NA,NA,NA,Bycatch,NA,NA,Australia,Eastern Australian Current,Study,0,0,0,0,0,0,0,0,0,0,0,0,0,0,0,0,0,0,0,0,0,0,0,0,0,0,0,1
Haulsee et al_2018_Spatial ecology of Carcharias taurus in the,52,5,Sharks,NA,NA,Carcharias taurus,NA,NA,NA,NA,NA,NA,NA,NA,NA,NA,NA,NA,NA,NA,NA,NA,NA,NA,NA,Spatial management,NA,NA,United States,"Delaware Bay, Massachusetts",Study,0,0,0,0,0,0,0,0,0,0,0,0,1,0,0,0,0,0,0,0,0,0,0,0,0,0,0,0
Hausner et al_2021_Dynamic strategies offer potential to reduce,2,4,Baleen whales,NA,NA,Balaenoptera musculus,NA,NA,NA,NA,NA,NA,NA,NA,NA,NA,NA,NA,NA,NA,NA,NA,NA,NA,NA,Marine spatial planning,NA,NA,United States,California,Study,0,0,0,0,0,0,0,0,0,0,1,0,0,0,0,0,1,0,0,1,0,0,0,0,0,0,0,0
Hazen et al_2013_Predicted habitat shifts of Pacific top predat,43,6,NA,NA,NA,NA,NA,NA,NA,NA,NA,NA,NA,NA,NA,NA,NA,NA,NA,NA,NA,NA,NA,NA,NA,Climate change,NA,NA,North Pacific,NA,Study,1,0,0,1,0,0,0,0,0,0,0,0,0,0,0,0,0,1,0,0,0,0,0,0,0,0,0,1
Hazen et al_2017_WhaleWatch,2,7,Baleen whales,NA,NA,Balaenoptera musculus,NA,NA,NA,NA,NA,NA,NA,NA,NA,NA,NA,NA,NA,NA,NA,Los Angeles/Long Beach Port,San Francisco Port,California Current Ecosystem,NA,Ship strikes,NA,NA,United States,California,Study,0,0,0,0,0,0,0,1,1,0,0,0,1,0,1,0,0,0,0,0,1,0,0,0,0,0,0,0
Hazen et al_2018_A dynamic ocean management tool to reduce byca,61,3,Sharks,Sea turtles,Pinnipeds,Dermochelys coriacea,Zalophus californianus,Prionace glauca,NA,NA,NA,NA,NA,NA,NA,NA,NA,NA,NA,NA,NA,California drift gillnet fishery,NA,NA,NA,Bycatch,NA,NA,United States,California,Study,1,0,0,0,0,0,0,0,1,0,1,0,0,0,0,0,0,0,0,0,0,0,0,0,0,0,0,0
Hilborn et al_2022_Area-based management of blue water fisherie,74,9,Tuna,Billfish,NA,NA,NA,NA,NA,NA,NA,NA,NA,NA,NA,NA,NA,NA,NA,NA,NA,NA,NA,NA,NA,Overfishing,NA,NA,High Seas,NA,Review,1,0,0,0,0,0,1,0,1,0,1,0,1,0,0,0,0,0,0,0,0,0,0,0,1,1,1,1
Hobday et al_2010_Dynamic spatial zoning to manage southern blu,6,6,Tuna,NA,NA,Thunnus maccoyii,NA,NA,NA,NA,NA,NA,NA,NA,NA,NA,NA,NA,NA,NA,NA,Eastern Australian longline fishery,NA,NA,NA,Bycatch,NA,NA,Australia,"Victoria, New South Wales",Study,0,0,0,0,0,0,0,1,0,1,0,1,0,0,0,0,0,1,0,0,0,0,0,0,0,0,0,1
Hobday et al_2011_Seasonal forecasting of tuna habitat for dyna,6,3,Tuna,NA,NA,Thunnus maccoyii,NA,NA,NA,NA,NA,NA,NA,NA,NA,NA,NA,NA,NA,NA,NA,Eastern Australian longline fishery,NA,NA,NA,Bycatch,NA,NA,Australia,"Queensland, New South Wales",Study,0,0,0,0,0,0,0,0,0,0,0,0,0,0,0,0,0,0,0,0,0,0,0,0,0,0,0,0
Hobday et al_2013_Dynamic Ocean Management,67,19,NA,NA,NA,NA,NA,NA,NA,NA,NA,NA,NA,NA,NA,NA,NA,NA,NA,NA,NA,NA,NA,NA,NA,NA,NA,NA,NA,NA,Review,0,1,0,1,1,0,1,0,3,3,0,0,0,0,0,2,2,0,0,0,0,2,0,0,1,0,0,1
Hobday et al_2016_Seasonal forecasting for decision support in,90,12,Tuna,NA,NA,Thunnus maccoyii,NA,NA,NA,NA,NA,NA,NA,NA,NA,NA,NA,NA,NA,NA,NA,Eastern Australian longline fishery,NA,NA,NA,Climate change,NA,NA,Australia,Eastern and Southern Australia,Review,1,1,0,2,0,0,1,1,0,3,1,0,0,0,0,0,0,0,0,0,1,0,0,0,0,0,0,1
Hobday_Hartmann_2006_Near real-time spatial management based on,6,6,Tuna,NA,NA,Thunnus maccoyii,NA,NA,NA,NA,NA,NA,NA,NA,NA,NA,NA,NA,NA,NA,NA,Tropical tuna longline fishery,NA,NA,NA,Bycatch,NA,NA,Australia,"Victoria, New South Wales",Study,0,0,0,0,0,0,0,0,0,0,0,0,0,0,0,0,0,0,0,0,0,0,0,0,0,0,1,2
Hobday-DerivedOceanFeatures-2014,6,2,NA,NA,NA,NA,NA,NA,NA,NA,NA,NA,NA,NA,NA,NA,NA,NA,NA,NA,NA,Eastern Australian longline fishery,NA,NA,NA,Bycatch,NA,NA,Australia,"Victoria, New South Wales",Perspective,0,0,0,0,0,0,0,0,0,0,0,0,1,0,0,0,0,0,0,0,0,0,0,0,0,0,1,0
Holmes et al_2011_Using fishery-dependent data to inform the de,58,6,Groundfish,NA,NA,Gadidae spp.,NA,NA,NA,NA,NA,NA,NA,NA,NA,NA,NA,NA,NA,NA,NA,UK vessels fishing in Scottish waters,NA,NA,NA,Bycatch,NA,NA,European Union,NA,Study,0,0,0,0,1,0,0,1,0,1,0,0,0,0,0,0,0,0,0,0,0,0,0,0,1,0,0,0
Hooker et al_2011_Making protected area networks effective for,72,7,NA,NA,NA,NA,NA,NA,NA,NA,NA,NA,NA,NA,NA,NA,NA,NA,NA,NA,NA,NA,NA,NA,NA,NA,NA,NA,Global Assessment,NA,Review,0,0,1,0,0,0,0,0,0,1,1,0,1,0,0,0,1,0,0,0,0,0,0,0,0,0,1,0
Howell et al_2008_TurtleWatch,5,12,Sea turtles,NA,NA,Caretta caretta,NA,NA,NA,NA,NA,NA,NA,NA,NA,NA,NA,NA,NA,NA,NA,Hawaii-based pelagic longline fishery,NA,NA,NA,Bycatch,NA,NA,United States,Hawai'i,Study,0,0,0,0,0,0,0,0,0,1,0,0,1,0,0,0,0,0,0,0,0,0,0,0,2,0,1,1
Howell et al_2015_Enhancing the TurtleWatch product for leather,3,8,Sea turtles,NA,NA,Caretta caretta,Dermochelys coriacea,NA,NA,NA,NA,NA,NA,NA,NA,NA,NA,NA,NA,NA,NA,Hawaii-based pelagic longline fishery,NA,NA,NA,Bycatch,NA,NA,United States,Hawai'i,Study,0,0,0,1,0,0,0,0,0,1,0,0,0,0,0,0,0,0,0,0,0,0,0,0,0,0,1,0
Hyrenbach et al_2000_Marine protected areas and ocean basin man,77,7,NA,NA,NA,NA,NA,NA,NA,NA,NA,NA,NA,NA,NA,NA,NA,NA,NA,NA,NA,NA,NA,NA,NA,NA,NA,NA,Global Assessment,NA,Perspective,0,0,0,1,0,0,0,0,0,0,0,0,0,1,0,0,0,0,0,0,0,0,0,0,1,0,1,0
Jonsen et al_2020_A continuous-time state-space model for rapid,78,2,Pinnipeds,Sea turtles,Seabirds,Zalophus californianus,Arctocephalus pusillus,Dermochelys coriacea,NA,NA,NA,NA,NA,NA,NA,NA,NA,NA,NA,NA,NA,NA,NA,NA,NA,Marine spatial planning,NA,NA,Global Assessment,NA,Methods,0,0,0,0,0,0,0,0,0,0,0,0,0,0,0,0,0,0,0,0,0,0,0,0,0,0,0,2
Kaplan et al_2014_Spatial management of Indian Ocean tropical t,53,10,Tuna,Billfish,NA,Katsuwonus pelamis,Thunnus albacares,Thunnus obesus,Xiphias gladius,Thunnus alalunga,NA,NA,NA,NA,NA,NA,NA,NA,NA,NA,NA,Tropical tuna purse seine,NA,NA,NA,Spatial management,NA,NA,Tropical Indian Ocean,"Entire IO, Somalia EEZ, Chagos EEZ, and the IOTC time/area clos",Study,0,0,0,0,1,0,0,0,0,0,0,1,0,0,0,0,2,0,0,1,0,0,0,0,0,0,0,0
Klerk_2024_dynamic_tool_equilibrium_thinking,96,8,NA,NA,NA,NA,NA,NA,NA,NA,NA,NA,NA,NA,NA,NA,NA,NA,NA,NA,NA,NA,NA,NA,NA,NA,NA,NA,NA,NA,Review,2,2,0,1,1,0,1,0,2,3,1,0,0,0,1,1,1,2,0,0,1,0,1,0,5,0,0,0
La Manna et al_2016_Predicting common bottlenose dolphin habita,44,7,Odontocetes,NA,NA,Tursiops truncatus,NA,NA,NA,NA,NA,NA,NA,NA,NA,NA,NA,NA,NA,NA,NA,NA,NA,NA,NA,Marine spatial planning,NA,NA,Mediterranean Sea,Lampedusa island,Study,0,1,0,0,1,0,0,0,0,1,0,0,0,0,0,0,0,0,0,1,0,0,0,0,0,0,0,0
Laist et al_2014_Effectiveness of mandatory vessel speed limits,24,4,Baleen whales,NA,NA,Eubalaena glacialis,NA,NA,NA,NA,NA,NA,NA,NA,NA,NA,NA,NA,NA,NA,NA,"The Great South Channel, Cape Code Bay, Massachusetts",East Coast of the U.S. Atlantic seaboard,NA,NA,Ship strikes,NA,NA,United States,US East Coast,Study,0,0,0,0,0,0,1,0,0,1,0,0,0,0,0,0,0,0,0,0,0,0,0,0,1,0,0,0
Lascelles et al_2014_Migratory marine species,34,2,NA,NA,NA,NA,NA,NA,NA,NA,NA,NA,NA,NA,NA,NA,NA,NA,NA,NA,NA,NA,NA,NA,NA,Bycatch,Overfishing,Anthropogenic disturbance,High Seas,NA,Study,1,0,0,0,0,0,0,0,0,0,0,0,0,0,0,0,0,0,0,0,0,0,0,0,0,0,1,0
"Lea et al_2015_Repeated, long-distance migrations by a philopat",50,8,Sharks,NA,NA,Galeocerdo cuvier,NA,NA,NA,NA,NA,NA,NA,NA,NA,NA,NA,NA,NA,NA,NA,NA,NA,NA,NA,Spatial management,NA,NA,Caribbean,"United States, Cuba",Study,0,0,0,0,0,0,0,0,0,0,0,0,0,0,1,0,0,0,0,0,0,0,0,0,0,1,0,0
Lewison et al_2015_Dynamic Ocean Management,62,18,NA,NA,NA,NA,NA,NA,NA,NA,NA,NA,NA,NA,NA,NA,NA,NA,NA,NA,NA,NA,NA,NA,NA,NA,NA,NA,Global Assessment,NA,Review,1,0,0,0,0,0,2,0,0,3,0,0,0,0,0,1,0,0,0,1,0,0,0,0,2,0,0,2
Little et al_2010_Closure strategies as a tool for fisheries ma,79,2,NA,NA,NA,NA,NA,NA,NA,NA,NA,NA,NA,NA,NA,NA,NA,NA,NA,NA,NA,NA,NA,NA,NA,NA,NA,NA,NA,NA,Study,0,0,0,0,0,0,0,1,0,0,0,0,0,0,0,0,0,0,0,0,0,0,0,0,0,0,0,1
Little et al_2015_Real-time spatial management approaches to re,69,24,NA,NA,NA,NA,NA,NA,NA,NA,NA,NA,NA,NA,NA,NA,NA,NA,NA,NA,NA,NA,NA,NA,NA,Bycatch,Avoid fisheries discharge,NA,Europe and United States,NA,Review,0,1,2,0,0,1,6,4,0,3,0,1,0,0,0,1,0,0,0,0,0,0,0,0,3,0,0,3
Lomonico et al_2021_Opportunities for fishery partnerships to a,88,8,NA,NA,NA,NA,NA,NA,NA,NA,NA,NA,NA,NA,NA,NA,NA,NA,NA,NA,NA,NA,NA,NA,NA,Climate change,NA,NA,United States,NA,Review,1,0,0,0,0,0,0,0,0,6,1,0,0,0,0,0,0,0,0,0,0,0,0,0,0,0,0,0
Lopez et al_2020_Using fisheries data to model the oceanic habi,10,4,Sharks,NA,NA,Carcharhinus falciformis,NA,NA,NA,NA,NA,NA,NA,NA,NA,NA,NA,NA,NA,NA,NA,Tropical tuna purse seine,NA,NA,NA,Bycatch,NA,NA,Eastern and central tropical Atlantic Ocean,"Brazil, Senegal, Guinea, Liberia, Gabon",Study,0,0,0,0,0,0,0,0,0,0,0,0,0,0,0,0,0,0,0,0,0,0,0,0,0,0,0,0
Martinez-Rincon et al. - 2015 - Development of habitat predicti,16,6,Billfish,NA,NA,Istiophorus platypterus,NA,NA,NA,NA,NA,NA,NA,NA,NA,NA,NA,NA,NA,NA,NA,Eastern Pacific Tuna purse-seine fishery,NA,NA,NA,Bycatch,NA,NA,Mexico,EPO off the west coast of Mexico,Study,0,0,0,0,0,0,0,0,0,0,0,1,1,0,0,0,0,0,0,0,0,0,0,0,0,0,0,0
Maxwell et al_2015_Dynamic ocean management,68,8,NA,NA,NA,NA,NA,NA,NA,NA,NA,NA,NA,NA,NA,NA,NA,NA,NA,NA,NA,NA,NA,NA,NA,NA,NA,NA,NA,NA,Review,1,0,0,0,0,0,1,0,0,2,1,0,0,0,0,1,0,0,1,0,0,0,0,0,1,0,0,0
Maxwell et al_2020_Mobile protected areas for biodiversity on t,65,10,NA,NA,NA,NA,NA,NA,NA,NA,NA,NA,NA,NA,NA,NA,NA,NA,NA,NA,NA,NA,NA,NA,NA,Climate change,NA,NA,High Seas,NA,Perspective,1,0,0,0,0,0,1,0,0,1,0,0,0,2,0,0,0,0,0,0,0,0,0,1,1,0,2,0
Menashes_2016_Magnuson-Stevens Fishery Conservation and Managem,32,2,Sea turtles,Marine mammals,NA,NA,NA,NA,NA,NA,NA,NA,NA,NA,NA,NA,NA,NA,NA,NA,NA,California drift gillnet fishery,NA,NA,NA,Bycatch,NA,NA,United States,California,NMFS Notice,0,0,0,0,0,0,0,0,0,0,0,0,0,0,0,0,0,0,0,0,0,0,0,0,0,0,1,0
Michael et al_2021_Dynamic enforcement of Bycatch via reproduct,19,6,Seabirds,NA,NA,Thalassarche melanophris,NA,NA,NA,NA,NA,NA,NA,NA,NA,NA,NA,NA,NA,NA,NA,French EEZ Patagonian toothfish fisheries,NA,NA,NA,Bycatch,NA,NA,Kerguelen,NA,Study,0,0,0,0,0,0,1,0,0,0,0,0,0,1,1,0,0,0,0,0,0,0,0,0,1,0,0,0
Michael_dynamic_enforcemnet_2021,97,6,Seabirds,NA,NA,Thalassarche melanophris,NA,NA,NA,NA,NA,NA,NA,NA,NA,NA,NA,NA,NA,NA,NA,NA,NA,NA,NA,Bycatch,NA,NA,Kerguelen,NA,Study,0,1,0,0,0,0,0,1,1,1,0,0,0,0,0,0,0,0,0,1,0,1,0,0,1,0,0,1
Munehara et al_2021_Simulations of fixed closure and real-time,51,6,NA,NA,NA,NA,NA,NA,NA,NA,NA,NA,NA,NA,NA,NA,NA,NA,NA,NA,NA,NA,NA,NA,NA,Marine spatial planning,NA,NA,NA,NA,Study,1,0,1,0,0,1,0,0,0,0,0,0,1,0,0,1,1,0,0,0,0,0,0,0,0,0,0,0
Murray_Orphanides_2013_Estimating the risk of loggerhead turtle,26,7,Sea turtles,NA,NA,Caretta caretta,NA,NA,NA,NA,NA,NA,NA,NA,NA,NA,NA,NA,NA,NA,NA,U.S. mid-Atlantic gillnet,U.S. mid-Atlantic bottom trawl,U.S. mid-Atlantic scallop dredge fishery,NA,Bycatch,NA,NA,United States,Mid-Atlantic,Study,0,0,0,0,0,0,0,0,0,0,0,0,0,0,0,0,1,1,0,0,0,0,0,0,0,0,1,0
Needle_Catarino_2011_Evaluating the effect of real-time closure,27,3,Groundfish,NA,NA,Gadus morhua,NA,NA,NA,NA,NA,NA,NA,NA,NA,NA,NA,NA,NA,NA,NA,Scottish demersal fishing,NA,NA,NA,Bycatch,NA,NA,Scotland,NA,Study,0,0,0,0,0,0,0,0,0,0,0,0,0,0,0,0,0,0,0,0,0,0,1,0,0,0,0,1
NOAA (National Oceanic and Atmospheric Administration)_2008_End,24,4,Baleen whales,NA,NA,Eubalaena glacialis,NA,NA,NA,NA,NA,NA,NA,NA,NA,NA,NA,NA,NA,NA,NA,NA,NA,NA,NA,Ship strikes,NA,NA,United States,US East Coast,NOAA Rule,0,0,0,0,0,0,2,0,1,0,0,0,0,0,0,0,0,0,0,0,0,0,0,0,0,0,1,0
O’Keefe et al_2021_Efficacy of Time-Area Fishing Restrictions a,25,12,Seabirds,NA,NA,Uria aalge,Cerorhinca monocerata,Larus argentatus,Spheniscus demersus,NA,NA,NA,NA,NA,NA,NA,NA,NA,NA,NA,NA,Gillnet fisheries,NA,NA,NA,Bycatch,NA,NA,Global Assessment,NA,Study,0,0,0,1,1,0,1,1,0,1,0,0,1,0,2,0,1,0,0,1,0,0,0,0,1,0,1,0
Oestreich et al_2020_A comparative analysis of dynamic manageme,71,7,NA,NA,NA,NA,NA,NA,NA,NA,NA,NA,NA,NA,NA,NA,NA,NA,NA,NA,NA,NA,NA,NA,NA,NA,NA,NA,NA,NA,Review,0,3,0,0,0,1,0,1,0,1,0,0,0,0,0,0,0,1,0,0,0,0,0,0,0,0,0,0
O'Keefe et al_2014_Evaluating effectiveness of time-area closur,80,8,NA,NA,NA,NA,NA,NA,NA,NA,NA,NA,NA,NA,NA,NA,NA,NA,NA,NA,NA,NA,NA,NA,NA,Bycatch,NA,NA,NA,NA,Review,0,0,0,0,0,1,0,2,0,2,0,0,0,0,0,0,0,0,0,1,0,0,0,0,1,1,0,0
O'Keefe_DeCelles_2013_Forming a Partnership to Avoid Bycatch,7,5,Groundfish,NA,NA,Limanda ferruginea,NA,NA,NA,NA,NA,NA,NA,NA,NA,NA,NA,NA,NA,NA,NA,U.S. Sea Scallop fishery,NA,NA,NA,Bycatch,NA,NA,United States,Massachusetts,Study,0,0,0,0,0,0,0,1,0,1,0,1,0,1,0,0,0,0,0,0,0,0,0,0,0,0,0,1
Ortuño Crespo et al_2020_Beyond static spatial management,75,8,NA,NA,NA,NA,NA,NA,NA,NA,NA,NA,NA,NA,NA,NA,NA,NA,NA,NA,NA,NA,NA,NA,NA,Spatial management,NA,NA,High Seas,NA,Review,0,1,0,0,0,0,0,0,0,0,0,0,1,1,0,0,1,1,0,0,0,0,1,0,1,0,0,1
Pons et al_2022_Trade-offs between Bycatch and target catches i,70,13,NA,NA,NA,NA,NA,NA,NA,NA,NA,NA,NA,NA,NA,NA,NA,NA,NA,NA,NA,Global longline,Global drift gillnet,Global purse-seine,Global trawling,Bycatch,NA,NA,Global Assessment,NA,Study,0,0,0,0,0,0,0,2,0,2,1,1,0,1,0,2,0,0,0,1,0,0,0,0,2,0,0,1
Prior_Protection On The Move,4,9,Sharks,NA,NA,Lamna nasus,Isurus oxyrinchus,Prionace glauca,NA,NA,NA,NA,NA,NA,NA,NA,NA,NA,NA,NA,NA,Canadian North Atlantic pelagic longline fishery,NA,NA,NA,Bycatch,NA,NA,Canada,"New Brunswick, Nova Scotia, Newfoundland",Thesis,0,0,0,0,0,0,0,1,0,1,0,0,0,2,0,0,1,0,0,0,0,0,0,0,0,0,1,2
Reynolds et al_2017_Dynamic conservation for migratory species,18,6,Shorebirds,NA,NA,Limnodromus scolopaceus,Calidris minutilla,Calidris alpina,NA,NA,NA,NA,NA,NA,NA,NA,NA,NA,NA,NA,NA,NA,NA,NA,NA,Spatial management,NA,NA,United States,California,Study,0,0,0,0,0,1,0,0,0,0,2,0,0,2,0,0,0,0,0,0,0,0,0,0,0,0,0,0
samhouri-et-al-2021-marine-heatwave-challenges-solutions-to-hum,90,8,Baleen whales,NA,NA,Balaenoptera musculus,Megaptera novaeangliae,NA,NA,NA,NA,NA,NA,NA,NA,NA,NA,NA,NA,NA,NA,U.S. West Coast Dungeness Crab Fishery,NA,NA,NA,Entanglement,NA,NA,United States,California,Review,1,0,0,0,0,0,0,1,0,2,0,0,1,0,1,0,0,0,0,0,0,1,0,0,0,0,0,0
Scales et al_2014_On the Front Line,31,5,NA,NA,NA,NA,NA,NA,NA,NA,NA,NA,NA,NA,NA,NA,NA,NA,NA,NA,NA,NA,NA,NA,NA,Marine spatial planning,NA,NA,Global Assessment,NA,Review,1,0,0,1,0,0,0,0,0,0,0,0,0,1,0,0,0,0,0,0,0,0,0,0,0,1,0,0
Scales et al_2017_Fit to predict,86,6,Billfish,NA,NA,Xiphias gladius,NA,NA,NA,NA,NA,NA,NA,NA,NA,NA,NA,NA,NA,NA,NA,California drift gillnet fishery,NA,NA,NA,NA,NA,NA,United States,California,Study,1,0,0,0,0,0,0,0,0,0,1,0,1,0,0,0,0,0,0,0,0,0,0,0,0,0,0,0
Schwartz-Belkin_Portman_2023_A review of geospatial technologie,84,6,NA,NA,NA,NA,NA,NA,NA,NA,NA,NA,NA,NA,NA,NA,NA,NA,NA,NA,NA,NA,NA,NA,NA,Marine spatial planning,NA,NA,NA,NA,Review,1,0,1,0,1,0,0,0,0,0,0,0,0,0,0,0,1,0,0,0,0,0,0,0,1,0,0,1
Sequiera_2019_overhauling_ocean_spatial_planning,98,5,NA,NA,NA,NA,NA,NA,NA,NA,NA,NA,NA,NA,NA,NA,NA,NA,NA,NA,NA,NA,NA,NA,NA,NA,NA,NA,Global Assessment,NA,Study,1,1,1,0,1,0,0,0,1,0,1,0,0,0,0,0,2,0,0,0,0,0,0,0,0,0,0,1
Siders et al_2016_A dynamic ocean management proposal for the B,11,20,NA,NA,NA,NA,NA,NA,NA,NA,NA,NA,NA,NA,NA,NA,NA,NA,NA,NA,NA,NA,NA,NA,NA,Climate change,NA,NA,Bering Strait,NA,Review,0,0,1,0,0,0,1,3,0,2,1,0,0,0,0,0,2,0,1,1,0,0,0,2,3,0,1,1
Siders et al_2023_Evaluation of a long-term information tool re,3,9,Sea turtles,NA,NA,Caretta caretta,NA,NA,NA,NA,NA,NA,NA,NA,NA,NA,NA,NA,NA,NA,NA,Hawaii-based pelagic longline fishery,NA,NA,NA,Bycatch,NA,NA,United States,Hawaii,Review,0,0,0,0,1,0,1,3,0,0,0,0,0,0,0,0,0,0,0,0,0,0,0,0,2,0,0,0
Siders_2024_potential_dynamic_strategies,99,14,Sea turtles,NA,NA,Dermochelys coriacea,NA,NA,NA,NA,NA,NA,NA,NA,NA,NA,NA,NA,NA,NA,NA,New Zealand pelagic longline fishery,NA,NA,NA,Bycatch,NA,NA,New Zealand,NA,Study,2,0,1,0,0,0,0,0,4,1,0,0,0,0,1,0,2,0,0,0,0,2,0,0,1,0,0,0
Silva et al_2022_Exploring the Use of Seabirds as a Dynamic Oce,30,7,Baleen whales,NA,NA,Megaptera novaeangliae,Eubalaena glacialis,NA,NA,NA,NA,NA,NA,NA,NA,NA,NA,NA,NA,NA,NA,Stellwagen Bank National Marine Sanctuary,Gulf of Maine,NA,NA,Ship strikes,NA,NA,United States,Stellwagen Bank National Marine Sanctuary,Study,0,1,0,0,0,0,0,0,0,1,1,0,0,0,0,0,0,0,0,0,0,0,0,0,0,0,0,0
Simard et al_2006_Development and experimentation of a satellit,56,7,Baleen whales,NA,NA,Balaenoptera musculus,Balaenoptera physalus,NA,NA,NA,NA,NA,NA,NA,NA,NA,NA,NA,NA,NA,NA,NA,NA,NA,NA,Anthropogenic disturbance,NA,NA,Canada,St.Lawrence,Study,1,0,1,0,0,1,0,0,0,0,0,0,0,0,0,0,0,0,0,0,0,0,0,0,0,0,0,0
Sisson_2018_Fishery Interaction Modeling of Cetacean Bycatch in,1,4,Odontocetes,NA,NA,Delphinus delphis,Lissodelphis borealis,Grampus griseus,Lagenorhynchus obliquidens,NA,NA,NA,NA,NA,NA,NA,NA,NA,NA,NA,NA,California drift gillnet fishery,NA,NA,NA,Bycatch,NA,NA,United States,California,Thesis,0,0,0,0,0,0,0,0,0,0,1,0,0,0,0,0,0,0,0,0,0,0,0,0,0,0,1,0
Smith et al_2021_Comparing Dynamic and Static Time-Area Closure,61,17,Sea turtles,NA,NA,Dermochelys coriacea,Prionace glauca,NA,NA,NA,NA,NA,NA,NA,NA,NA,NA,NA,NA,NA,NA,California drift gillnet fishery,NA,NA,NA,Bycatch,NA,NA,United States,California,Study,0,0,0,0,0,0,0,0,1,0,0,0,1,2,0,0,3,1,0,3,0,1,0,0,2,0,1,0
Spillman_2011_Advances in Forecasting Coral Bleaching Condition,13,4,Corals,NA,NA,NA,NA,NA,NA,NA,NA,NA,NA,NA,NA,NA,NA,NA,NA,NA,NA,NA,NA,NA,NA,Coral bleaching,NA,NA,Australia,Queensland,Study,1,0,0,0,0,0,0,0,0,1,0,0,0,0,0,0,0,0,0,0,1,0,0,0,0,0,0,0
Stepanuk et al_2018_Spatiotemporal patterns of overlap between,45,11,Odontocetes,NA,NA,Globicephala macrorhynchus,NA,NA,NA,NA,NA,NA,NA,NA,NA,NA,NA,NA,NA,NA,NA,U.S. Atlantic pelagic longline fishery,NA,NA,NA,Bycatch,NA,NA,United States,Mid-Atlantic Bight,Study,0,0,0,0,1,0,0,0,0,0,0,0,0,0,1,0,1,0,0,0,0,0,0,0,1,0,1,0
Thiebot et al_2019_Adélie penguins’ extensive seasonal migratio,12,5,Penguins,NA,NA,Pygoscelis adeliae,NA,NA,NA,NA,NA,NA,NA,NA,NA,NA,NA,NA,NA,NA,NA,NA,NA,NA,NA,Marine spatial planning,NA,NA,Antarctica,D'Urville Sea-Mertz MPA,Study,0,0,0,0,0,0,0,0,0,0,1,0,2,0,0,0,0,0,0,0,0,0,0,0,1,0,1,0
Thorne et al_2019_Predicting fisheries Bycatch,45,11,Odontocetes,NA,NA,Globicephala macrorhynchus,NA,NA,NA,NA,NA,NA,NA,NA,NA,NA,NA,NA,NA,NA,NA,U.S. Atlantic pelagic longline fishery,NA,NA,NA,Bycatch,NA,NA,United States,"Northwest Atlantic, Mid-Atlantic Bight",Study,1,0,0,1,0,0,0,0,0,1,0,0,1,0,0,1,1,0,0,0,0,0,0,0,0,0,1,1
Tobeña et al_2016_Modeling the Potential Distribution and Richn,36,7,Baleen whales,Odontocetes,NA,Balaenoptera acutorostrata,Balaenoptera borealis,Balaenoptera physalus,Balaenoptera musculus,Physeter macrocephalus,Ziphius cavirostris,Hyperoodon ampullatus,Mesoplodon spp.,Tursiops truncatus,Stenella frontalis,Stenella coeruleoalba,Delphinus delphis,Orcinus orca,Grampus griseus,Pseudorca crassidens,Globicephala macrorhynchus,NA,NA,NA,NA,Climate change,Anthropogenic disturbance,NA,Azores,NA,Study,0,0,0,0,0,0,0,0,0,0,1,0,0,0,0,1,0,0,0,0,0,0,0,0,0,0,0,0
Turner et al. - 2017 - Evaluation of species distribution forec,15,5,Forage fish,NA,NA,Alosa pseudoharengus,Alosa aestivalis,NA,NA,NA,NA,NA,NA,NA,NA,NA,NA,NA,NA,NA,NA,Northeast Multispecies Fisheries Management Plan,NA,NA,NA,Bycatch,NA,NA,United States,North Carolina through Gulf of Maine,Study,1,0,0,0,0,0,0,1,1,1,0,0,0,0,0,0,1,0,0,0,0,0,0,0,0,0,0,0
van Beest et al_2017_Predicting the population-level impact of,47,3,Odontocetes,NA,NA,Phocoena phocoena,NA,NA,NA,NA,NA,NA,NA,NA,NA,NA,NA,NA,NA,NA,NA,Inner Danish waters gillnet fisheries,NA,NA,NA,Bycatch,NA,NA,Denmark,"Kattegat, Great Belt, Little Belt, and the western Baltic Sea",Study,0,0,0,0,0,0,0,0,0,0,0,0,0,0,0,0,0,0,0,0,0,0,0,0,0,0,0,0
Van Parijs et al_2009_Management and research applications of r,83,7,Baleen whales,NA,NA,Eubalaena glacialis,NA,NA,NA,NA,NA,NA,NA,NA,NA,NA,NA,NA,NA,NA,NA,"The Great South Channel, Cape Code Bay, Massachusetts",NA,NA,NA,Ship strikes,NA,NA,United States,Massachusettes,Review,2,0,0,0,0,0,1,0,0,0,0,0,0,1,0,0,0,0,0,0,0,0,0,0,0,0,0,0
Walters-Challenges-in-Adapative-Management-of-Riparian-and-Coas,60,6,NA,NA,NA,NA,NA,NA,NA,NA,NA,NA,NA,NA,NA,NA,NA,NA,NA,NA,NA,NA,NA,NA,NA,Spatial management,NA,NA,NA,NA,Review,0,0,0,0,0,0,0,0,0,0,0,0,0,0,0,1,2,0,0,0,0,1,0,0,1,0,0,0
Watson et al_2019_Dynamic Ocean Management for Salmon,22,4,Anadromous fish,NA,NA,Oncorhynchus tshawytscha,NA,NA,NA,NA,NA,NA,NA,NA,NA,NA,NA,NA,NA,NA,NA,NA,NA,NA,NA,Spatial management,NA,NA,United States,Alaska,Study,1,0,0,0,1,0,0,0,0,1,0,0,0,0,0,0,0,0,0,0,0,0,0,0,0,0,0,0
Welch et al_2019_Practical considerations for operationalizing,85,3,NA,NA,NA,NA,NA,NA,NA,NA,NA,NA,NA,NA,NA,NA,NA,NA,NA,NA,NA,NA,NA,NA,NA,Bycatch,NA,NA,United States,NA,Review,0,0,0,1,0,0,0,0,0,1,0,0,0,0,0,1,0,0,0,0,0,0,0,0,0,0,0,0
Welch et al_2020_Decision‐support tools for dynamic management,61,2,Sea turtles,Sharks,Pinnipeds,Dermochelys coriacea, Prionace glauca,Zalophus californianus,NA,NA,NA,NA,NA,NA,NA,NA,NA,NA,NA,NA,NA,California drift gillnet fishery,NA,NA,NA,Bycatch,NA,NA,United States,California,Study,0,0,0,0,0,0,0,0,0,0,0,0,0,0,1,0,1,0,0,0,0,0,0,0,0,0,0,0
Westholm_2023_dynamic_management_areas_beyond_national_jurisdiction,100,16,NA,NA,NA,NA,NA,NA,NA,NA,NA,NA,NA,NA,NA,NA,NA,NA,NA,NA,NA,NA,NA,NA,NA,Marine spatial planning,NA,NA,High Seas,NA,Review,3,2,1,3,1,0,3,1,0,4,2,0,0,1,0,0,2,0,0,0,0,0,3,0,0,0,0,2
"Wiley et al., 2013",89,12,NA,NA,NA,NA,NA,NA,NA,NA,NA,NA,NA,NA,NA,NA,NA,NA,NA,NA,NA,NA,NA,NA,NA,Marine spatial planning,NA,NA,United States,NA,Perspective,1,0,0,0,1,0,3,0,0,2,0,0,0,0,0,0,0,1,0,0,0,0,0,1,0,0,0,2
Woods et al_2018_Evaluating the effectiveness of real-time clos,28,6,Groundfish,Forage fish,NA,Gadus morhua,Clupea harengus,Melanogrammus aeglefinus,Pollachius virens,NA,NA,NA,NA,NA,NA,NA,NA,NA,NA,NA,NA,Icelandic mixed fish fisheries,NA,NA,NA,Bycatch,NA,NA,Iceland,NA,Study,0,0,0,0,0,0,0,0,0,1,0,0,0,1,0,1,1,0,0,0,0,0,0,0,1,0,0,1
Zˇydelis et al_2011_Dynamic habitat models,20,5,Seabirds,NA,NA,Phoebastria immutabilis,Phoebastria nigripes,NA,NA,NA,NA,NA,NA,NA,NA,NA,NA,NA,NA,NA,NA,Hawaii-based pelagic longline fishery,NA,NA,NA,Bycatch,NA,NA,United States,Hawai'i,Study,0,0,0,0,0,0,0,1,0,0,0,0,0,0,0,0,1,0,0,0,1,0,0,0,0,0,0,0
